<?xml version="1.0" encoding="utf-8"?>
<renderer>
	<positions layout="default">
		<position name="title">Title</position>
		<position name="media">Media</position>
		<position name="meta">Meta</position>
		<position name="description">Description</position>
		<position name="links">Links</position>
	</positions>
	<positions layout="repliki">
		<position name="title">Title</position>
		<position name="media">Media</position>
		<position name="meta">Meta</position>
		<position name="description">Description</position>
		<position name="links">Links</position>
	</positions>
	<positions layout="layout2">
		<position name="title">Title</position>
		<position name="media">Media</position>
		<position name="meta">Meta</position>
		<position name="description">Description</position>
		<position name="links">Links</position>
	</positions>
	<positions layout="layout3">
		<position name="title">Title</position>
		<position name="media">Media</position>
		<position name="meta">Meta</position>
		<position name="description">Description</position>
		<position name="links">Links</position>
	</positions>
		<positions layout="exportnews">
		<position name="title">Title</position>
		<position name="media">Media</position>
		<position name="meta">Meta</position>
		<position name="description">Description</position>
		<position name="links">Links</position>
	</positions>
	<positions layout="uikit">
		<position name="title">Title</position>
		<position name="media">Media</position>
		<position name="meta">Meta</position>
		<position name="description">Description</position>
		<position name="links">Links</position>
	</positions>
	<positions layout="topnews">
		<position name="title">Title</position>
	</positions>
</renderer>