<?xml version="1.0" encoding="utf-8"?>
<extension type="module" version="2.5" method="upgrade" client="site">
	<name>ZOO Item with offset</name>
	<author>CB9TOIIIA</author>
	<creationDate>June 2015</creationDate>
	<copyright>Copyright (C) YOOtheme GmbH</copyright>
	<license>http://www.gnu.org/licenses/gpl-2.0.html GNU/GPLv2 only</license>
	<assetsLicense>YOOtheme Proprietary Use License (http://www.yootheme.com/license)</assetsLicense>
	<authorEmail>info@yootheme.com</authorEmail>
	<authorUrl>http://www.yootheme.com</authorUrl>
	<version>3.3.6</version>
	<description>ZOO Item with offset - NOTE: administrator\components\com_zoo\helpers\module.php  add function offset</description>
	<files>
		<filename module="mod_zooitemtwo">mod_zooitemtwo.php</filename>
		<filename>changelog.php</filename>
		<filename>file.script.php</filename>
		<folder>fields</folder>
		<folder>renderer</folder>
		<folder>tmpl</folder>
	</files>
	<scriptfile>file.script.php</scriptfile>
	<config>
		<fields name="params" >
			<fieldset name="basic" addfieldpath="/modules/mod_zooitemtwo/fields">
				<field name="theme" type="filename" default="" label="Theme" description="Visual style" path="/tmpl/" />
				<field name="layout" type="filename" default="" label="Layout" description="The Item Layout" path="/renderer/item/" />
				<field name="media_position" type="list" default="left" label="Media Position" description="MEDIAPOSITION_DESCRIPTION">
					<option value="left">Left</option>
					<option value="right">Right</option>
					<option value="top">Top</option>
					<option value="middle">Middle</option>
					<option value="bottom">Bottom</option>
				</field>
				<field name="application" type="zooapplication" default="" label="Items" description="APPLICATION_DESCRIPTION" categories="true" frontpage="true" items="true" types="true" />
				<field name="mode" type="hidden" label="" required="false" description="" />
				<field name="type" type="hidden" label="" required="false" description="" />
				<field name="category" type="hidden" label="" required="false" description="" />
				<field name="item_id" type="hidden" label="" required="false" description="" />
				<field name="subcategories" type="radio" default="0" label="Include Subcategories" description="SUBCATEGORY_DESCRIPTION">
					<option value="0">JNO</option>
					<option value="1">JYES</option>
				</field>
				<field name="count" type="text" default="4" size="5" label="Item Count" description="Maximum number of items to display" />
				<field name="countoffset" type="text" default="4" size="5" label="Точка отсчета (offset)" description="countoffset" />
				<field name="order" type="zooitemorder" default="_itemname" label="Item Order" description="ITEM_ORDER" apps="true" random="true" />
				<field name="moduleclass_sfx" type="text" default="" label="Module Class Suffix" description="" />
			</fieldset>
		</fields>
	</config>
</extension>